device_family,bias_v,mesh_sha256,run_id,cpu_core,electric_field_name,emax_v_per_cm,emax_x_um,emax_y_um,source_tdr_sha256,source_tdr_size_bytes
IGBT,325,84d24e1dc14052ee3ef3525ced567ee9337c97ba0e5e55eefc1d0ddde09fd755,IGBT650_FIELD_V325__checkpoint_b_field_localization_v1__20260716T032752310Z__175339f3,6,Abs(ElectricField-V),334392.190166,0.0,4.40625,dad9eb3f575806a7e9a6327e919519cd1fc5d8f90671313871085d0fe6a2a5ca,1502561
IGBT,400,84d24e1dc14052ee3ef3525ced567ee9337c97ba0e5e55eefc1d0ddde09fd755,IGBT650_FIELD_V400__checkpoint_b_field_localization_v1__20260716T032752495Z__caf7ff27,2,Abs(ElectricField-V),334392.190166,0.0,4.40625,51b381c54bb226cdbd9019a178ff54a3345bbd62ffe7a8c10df75fc9f660ef0a,1511466
IGBT,500,84d24e1dc14052ee3ef3525ced567ee9337c97ba0e5e55eefc1d0ddde09fd755,IGBT650_FIELD_V500__checkpoint_b_field_localization_v1__20260716T032753086Z__e4556c29,3,Abs(ElectricField-V),334392.190166,0.0,4.40625,7ce2f873d4446c99ddc59a8326c898db65bf4cc01c5bfe8907986e0e9f8d8099,1518444
MOSFET,325,1b900c26df4e367aa7a5621e21a24479f07b3ad0fbe3c7294d19398f6bdb0727,MOSFET650_FIELD_V325__checkpoint_b_field_localization_v1__20260716T032753704Z__e87609e8,4,Abs(ElectricField-V),644052.651929,0.0,4.400390625,b3b74bfca9e82e044136eaa5bed476b652432e15ae6c8dd16885b709634b5990,2995105
MOSFET,400,1b900c26df4e367aa7a5621e21a24479f07b3ad0fbe3c7294d19398f6bdb0727,MOSFET650_FIELD_V400__checkpoint_b_field_localization_v1__20260716T032754473Z__e3db44a0,7,Abs(ElectricField-V),644052.651929,0.0,4.400390625,d832368a0812ce70c99d3e401139325597141b30fcc0a00102f2c53ac1ff922a,3003308
MOSFET,500,1b900c26df4e367aa7a5621e21a24479f07b3ad0fbe3c7294d19398f6bdb0727,MOSFET650_FIELD_V500__checkpoint_b_field_localization_v1__20260716T032755074Z__58d0108c,5,Abs(ElectricField-V),644052.651929,0.0,4.400390625,290373b138d55165a864e9b53830083af9a1960b6f015b95a803dc1dcd5eca60,3012708
