device_family,metric,baseline,refined,delta,delta_mode,threshold,passed
IGBT,bv,707.497688089023,707.789945513928,0.0004130860493614784,relative,0.02,True
IGBT,vth,6.448419139306199,6.450387880809743,0.0019687415035436473,absolute,0.1,True
IGBT,conduction,1.55,1.4916030904133166,0.037675425539795755,relative,0.05,True
IGBT,off_leakage,1.942219625700824e-05,1.974952372362198e-05,0.016853267379358737,relative,0.1,True
MOSFET,bv,824.279280266482,823.265337910941,0.0012300956481804048,relative,0.02,True
MOSFET,vth,4.012161559996825,3.8938981091184983,0.11826345087832646,absolute,0.1,False
MOSFET,conduction,0.087,0.0830245351041854,0.045694998802466524,relative,0.05,True
MOSFET,off_leakage,7.3603471784209215e-06,7.640408022063122e-06,0.0380499502065994,relative,0.1,True
