metric,baseline,refined_v1,refined_v2,baseline_to_v1_delta,v1_to_v2_delta,baseline_to_v2_delta_context_only,delta_mode,step_contraction_ratio,observed_order_for_halved_contract,same_direction_monotonic,extrapolated_limit,estimated_v2_remaining_error,threshold,threshold_name,successive_delta_passed,acceptance_rule,passed
bv,824.279280266482,823.265337910941,823.455702132625,0.0012300956481804048,0.00023123070159505307,0.0009991493824651095,relative,0.1877465919474783,2.4131413752974695,False,,,0.02,bv_relative_max,True,unchanged refined-v1 to refined-v2 threshold,True
vth,4.012161559996825,3.8938981091184983,3.856898348408629,0.11826345087832646,0.0369997607098691,0.15526321158819556,absolute,0.3128587947931245,1.6764164345896502,True,3.840052174062501,0.01684617434612834,0.1,vth_absolute_v_max,True,unchanged successive Vth threshold plus contracting three-level active-mesh estimate,True
conduction,0.087,0.0830245351041854,0.08005955135295695,0.045694998802466524,0.03571213915871706,0.07977527180509249,relative,0.7458206345501946,0.4230993823139956,True,0.07135960807133397,0.12191691513953046,0.05,conduction_relative_max,True,unchanged refined-v1 to refined-v2 threshold,True
off_leakage,7.3603471784209215e-06,7.640408022063122e-06,7.636721269389755e-06,0.0380499502065994,0.0004825334802435028,0.03754905635145962,relative,0.013164113288456021,6.247245842521428,False,,,0.1,off_leakage_relative_max,True,unchanged refined-v1 to refined-v2 threshold,True
