temperature_K,outer_Vce_V,inner_Vce_V,collector_current_A_per_um,max_E_V_per_cm,E_x_um,E_y_um,E_distance_to_gate_oxide_um,max_J_A_per_cm2,J_x_um,J_y_um,J_distance_to_gate_oxide_um,max_temperature_K,max_impact_ionization_cm-3_s-1
243.15,4500.0,4410.59685573,8.94031441601e-10,316420.097871,0.0493141375482,1.98153138161,2.382594302003966e-10,7.62051613091,3.22149991989,2.50055742264,0.0014999198899996458,243.361145987,5.79378454529e+19
298.15,4500.0,1672.55025054,2.82744975694e-08,254266.032605,0.019999999553,1.98062098026,1.974506022658533e-08,140.424079585,3.22149991989,2.50055742264,0.0014999198899996458,301.519707198,5.38066835357e+17
323.15,4500.0,345.385921379,4.15461408184e-08,128823.079228,0.0,3.90000009537,1.08000009537,241.950623773,1.01724743843,2.78990912437,0.001500065957343848,324.237386901,3.13519159894e+17
343.15,4500.0,33.8964971612,4.4661035029e-08,123445.967621,0.0,3.90000009537,1.08000009537,338.985956991,1.01724743843,2.78990912437,0.001500065957343848,343.217532716,1.18562520076e+17
