time_ns,baseline_vce_v,half_vce_v,baseline_ic_a_um,half_ic_a_um,ic_relative_difference_pct,ic_2pct_gate,baseline_tmax_k,half_tmax_k,tmax_difference_k,trend_baseline,trend_half,row_result
10,2500.0,2500.0,7.85368722348e-06,7.85752447843e-06,0.048859278970625475,PASS,324.670146728,325.834670616,1.1645238879999624,GROWING,GROWING,PASS
40,2500.0,2500.0,0.000142888014132,0.000142804957783,-0.058126883143094776,PASS,326.165669077,327.321747427,1.156078349999973,GROWING,GROWING,PASS
50,2500.0,2500.0,0.0003274536627458146,0.000307192529674,-6.187480971175541,FAIL,328.4239104051477,328.974111653,0.5502012478523284,GROWING,GROWING,FAIL_MESH_SENSITIVE
60,2500.0,2500.0,0.000760421515043,0.000644645065445,-15.225299035818718,FAIL,335.777358919,338.174047578,2.396688659000006,GROWING,GROWING,FAIL_MESH_SENSITIVE
