mesh_variant,time_ns,cut_y_um,emax_v_cm,emax_x_um,impact_max_cm3_s,impact_max_x_um,impact_line_integral_cm2_s,pbody_minus_nplus_proxy_v,track_tmax_k
baseline,40,3.5,58907.9747972,0.664401233196,1576504580.58,199.85458374,133130.00852052195,-0.16107972887200006,325.756504181
meshhalf,40,3.5,233603.854567,3.50249624252,3.62670226615e+23,3.55760502815,4.0589997895881466e+19,1.2609900017445002,326.917914971
baseline,60,3.5,103514.918168,3.66782236099,3.33050206399e+21,3.88825678825,3.145697590924473e+17,0.613104513492,328.441391536
meshhalf,60,3.5,189971.225459,3.77803945541,3.89897279128e+24,5.94564628601,1.9623851209983286e+21,1.02945374844,329.594398135
