initial_state,initial_tmax_k,time_ns,ic_a_um,tmax_k,power_w_um,trend
thermal_steady,324.633215689,10,7.85368722348e-06,324.670146728,0.0196342180587,GROWING
thermal_steady,324.633215689,40,0.000142888014132,326.165669077,0.35722003532999996,GROWING
thermal_steady,324.633215689,50,0.0003274536627458146,328.4239104051477,0.8186341568645366,GROWING
thermal_steady,324.633215689,60,0.000760421515043,335.777358919,1.9010537876074998,GROWING
cold300_nonsteady,300.0,10,8.70990284628e-06,300.065752038,0.021774757115699997,GROWING
cold300_nonsteady,300.0,40,0.000165058154231,306.303559284,0.4126453855775,GROWING
cold300_nonsteady,300.0,50,0.000373647372504,321.425978864,0.9341184312599999,GROWING
cold300_nonsteady,300.0,60,0.000812775499366,339.677254315,2.031938748415,GROWING
